{
  "method": "proportional_devig",
  "overround": 1.1697,
  "p_champion": {
    "mexico": 0.01055,
    "south_africa": 0.00085,
    "south_korea": 0.00213,
    "czechia": 0.00341,
    "canada": 0.00425,
    "bosnia_and_herzegovina": 0.00171,
    "qatar": 0.00057,
    "switzerland": 0.01295,
    "brazil": 0.08999,
    "morocco": 0.01676,
    "haiti": 0.00034,
    "scotland": 0.00425,
    "united_states": 0.01401,
    "paraguay": 0.00284,
    "australia": 0.00142,
    "turkiye": 0.00846,
    "germany": 0.05699,
    "curacao": 0.00034,
    "ivory_coast": 0.00341,
    "ecuador": 0.01055,
    "netherlands": 0.03717,
    "japan": 0.01295,
    "sweden": 0.00846,
    "tunisia": 0.00171,
    "belgium": 0.02375,
    "egypt": 0.00284,
    "iran": 0.00122,
    "new_zealand": 0.00057,
    "spain": 0.14868,
    "cape_verde": 0.00085,
    "saudi_arabia": 0.00085,
    "uruguay": 0.01676,
    "france": 0.14249,
    "senegal": 0.00939,
    "iraq": 0.00057,
    "norway": 0.02375,
    "argentina": 0.08549,
    "algeria": 0.00244,
    "austria": 0.00566,
    "jordan": 0.00034,
    "portugal": 0.07772,
    "dr_congo": 0.00085,
    "uzbekistan": 0.00057,
    "colombia": 0.02085,
    "england": 0.11399,
    "croatia": 0.01055,
    "ghana": 0.00284,
    "panama": 0.00085
  }
}